{"$schema":"http://schema.management.azure.com/schemas/2015-01-01/deploymentTemplate.json#","contentVersion":"1.0.0.0","parameters":{"factoryName":{"type":"string","metadata":"Data Factory name"},"AzureDataLakeStorage1":{"type":"string"},"ls_churnsynapse":{"type":"string"}},"variables":{"factoryId":"[concat('Microsoft.DataFactory/factories/', parameters('factoryName'))]"},"resources":[{"name":"[concat(parameters('factoryName'), '/data-synapse-pipeline')]","type":"Microsoft.DataFactory/factories/pipelines","apiVersion":"2018-06-01","properties":{"activities":[{"name":"Copy data1","type":"Copy","dependsOn":[],"policy":{"timeout":"0.12:00:00","retry":0,"retryIntervalInSeconds":30,"secureOutput":false,"secureInput":false},"userProperties":[],"typeProperties":{"source":{"type":"ParquetSource","storeSettings":{"type":"AzureBlobFSReadSettings","recursive":true,"enablePartitionDiscovery":false},"formatSettings":{"type":"ParquetReadSettings"}},"sink":{"type":"SqlDWSink","allowCopyCommand":true,"copyCommandSettings":{}},"enableStaging":false,"translator":{"type":"TabularTranslator","mappings":[{"source":{"name":"credit_score","type":"Int32"},"sink":{"name":"credit_score","type":"Int32"}},{"source":{"name":"geography","type":"String"},"sink":{"name":"geography","type":"String"}},{"source":{"name":"gender","type":"String"},"sink":{"name":"gender","type":"String"}},{"source":{"name":"age","type":"Int32"},"sink":{"name":"age","type":"Int32"}},{"source":{"name":"tenure","type":"Int32"},"sink":{"name":"tenure","type":"Int32"}},{"source":{"name":"balance","type":"Double"},"sink":{"name":"balance","type":"Double"}},{"source":{"name":"num_of_products","type":"Int32"},"sink":{"name":"num_of_products","type":"Int32"}},{"source":{"name":"has_credit_card","type":"Int32"},"sink":{"name":"has_credit_card","type":"Int32"}},{"source":{"name":"is_active_member","type":"Int32"},"sink":{"name":"is_active_member","type":"Int32"}},{"source":{"name":"estimated_salary","type":"Double"},"sink":{"name":"estimated_salary","type":"Double"}},{"source":{"name":"exited","type":"Int32"},"sink":{"name":"exited","type":"Int32"}}]}},"inputs":[{"referenceName":"Parquet1","type":"DatasetReference","parameters":{}}],"outputs":[{"referenceName":"AzureSynapseAnalyticsTable1","type":"DatasetReference","parameters":{}}]}],"policy":{"elapsedTimeMetric":{}},"annotations":[]},"dependsOn":["[concat(variables('factoryId'), '/datasets/Parquet1')]","[concat(variables('factoryId'), '/datasets/AzureSynapseAnalyticsTable1')]"]},{"name":"[concat(parameters('factoryName'), '/Parquet1')]","type":"Microsoft.DataFactory/factories/datasets","apiVersion":"2018-06-01","properties":{"linkedServiceName":{"referenceName":"[parameters('AzureDataLakeStorage1')]","type":"LinkedServiceReference"},"annotations":[],"type":"Parquet","typeProperties":{"location":{"type":"AzureBlobFSLocation","fileName":"part-00000-tid-5720437357139233529-cf33b268-e3f3-4b46-a87e-7e58092be888-44-1-c000.snappy.parquet","folderPath":"creditchurnprocessed","fileSystem":"processed"},"compressionCodec":"snappy"},"schema":[{"name":"credit_score","type":"INT32"},{"name":"geography","type":"UTF8"},{"name":"gender","type":"UTF8"},{"name":"age","type":"INT32"},{"name":"tenure","type":"INT32"},{"name":"balance","type":"DOUBLE"},{"name":"num_of_products","type":"INT32"},{"name":"has_credit_card","type":"INT32"},{"name":"is_active_member","type":"INT32"},{"name":"estimated_salary","type":"DOUBLE"},{"name":"exited","type":"INT32"},{"name":"ingestion_date","type":"INT96"}]},"dependsOn":[]},{"name":"[concat(parameters('factoryName'), '/AzureSynapseAnalyticsTable1')]","type":"Microsoft.DataFactory/factories/datasets","apiVersion":"2018-06-01","properties":{"linkedServiceName":{"referenceName":"[parameters('ls_churnsynapse')]","type":"LinkedServiceReference"},"annotations":[],"type":"AzureSqlDWTable","schema":[{"name":"credit_score","type":"int","precision":10},{"name":"geography","type":"varchar"},{"name":"gender","type":"varchar"},{"name":"age","type":"int","precision":10},{"name":"tenure","type":"int","precision":10},{"name":"balance","type":"float","precision":15},{"name":"num_of_products","type":"int","precision":10},{"name":"has_credit_card","type":"int","precision":10},{"name":"is_active_member","type":"int","precision":10},{"name":"estimated_salary","type":"float","precision":15},{"name":"exited","type":"int","precision":10}],"typeProperties":{"schema":"dbo","table":"creditchurn"}},"dependsOn":[]}]}